,anchor,area,beta,beta_rel,delta,delta_rel,low_delta,low_delta_rel,size,subnet,g_peak_AMPA_Vp_PC_Vp_BC
0,0.0,Vp,0.3362833857536316,0.08945441246032715,2.09631609916687,0.557638943195343,1.5701298713684082,0.4176687002182007,0.1,A,1.9
1,0.5,Vp,0.03572986274957657,0.2050175964832306,0.032073620706796646,0.18403811752796173,0.010928591713309288,0.06270815432071686,0.1,A_bis,1.9
2,0.0,Vp,0.19655340909957886,0.08788461983203888,1.2915847301483154,0.5775042772293091,0.965125322341919,0.4315349757671356,0.2,B,1.9
3,0.5,Vp,0.022544197738170624,0.2422885000705719,0.013384888879954815,0.14385096728801727,0.005046753212809563,0.05423879995942116,0.2,B_bis,1.9
4,0.0,Vp,0.1710204929113388,0.09013878554105759,1.1048208475112915,0.5823115706443787,0.8086235523223877,0.4261965751647949,0.3,C,1.9
5,0.5,Vp,0.012911921367049217,0.24770785868167877,0.006526941433548927,0.12521564960479736,0.0022860756143927574,0.04385705664753914,0.3,C_bis,1.9
6,0.0,Vp,0.05173742398619652,0.087037593126297,0.3330400884151459,0.5602716207504272,0.2484690248966217,0.41799813508987427,0.5,D,1.9
7,0.5,Vp,0.005753324367105961,0.18359136581420898,0.008302198722958565,0.2649271786212921,0.00596817210316658,0.19044725596904755,0.5,D_bis,1.9
8,0.0,Vp,0.010122019797563553,0.09925532341003418,0.0535263791680336,0.5248733162879944,0.038997843861579895,0.3824082314968109,1.0,full,1.9
