,area,beta,beta_rel,delta,delta_rel,low_delta,low_delta_rel,g_peak_GABA_B1a_Vp_PC_Vp_BC
0,Vp,0.07555696368217468,0.2111596316099167,0.12260245531797409,0.3426380157470703,0.08168294280767441,0.2282799482345581,0.02
