,area,beta,beta_rel,delta,delta_rel,low_delta,low_delta_rel,g_KL_Vp_MC,g_KL_Vp_PC_Vp_BC,g_peak_AMPA_Vp_PC_Vp_BC
0,Vp,0.007345542777329683,0.3200608491897583,0.00159832660574466,0.06964246928691864,0.000715317321009934,0.03116788901388645,1.2,1.1,1.125
