,anchor,area,beta,beta_rel,delta,delta_rel,low_delta,low_delta_rel,size,subnet,g_peak_AMPA_Vp_PC_Vp_BC
0,0.0,Vp,0.3418288826942444,0.11281511932611465,1.6814460754394531,0.5549342036247253,1.2467795610427856,0.41147950291633606,0.1,A,1.7
1,0.5,Vp,0.035416390746831894,0.20453757047653198,0.030465800315141678,0.17594680190086365,0.010554036125540733,0.06095191463828087,0.1,A_bis,1.7
2,0.0,Vp,0.1898471564054489,0.10549802333116531,1.0792293548583984,0.5997275114059448,0.8444348573684692,0.4692522883415222,0.2,B,1.7
3,0.5,Vp,0.022216584533452988,0.2422562539577484,0.011996723711490631,0.13081584870815277,0.004497494548559189,0.04904201999306679,0.2,B_bis,1.7
4,0.0,Vp,0.14354366064071655,0.09702759981155396,0.9041429162025452,0.6111507415771484,0.7190730571746826,0.4860537350177765,0.3,C,1.7
5,0.5,Vp,0.013493742793798447,0.2617766559123993,0.006925920024514198,0.13436183333396912,0.0026071916799992323,0.05057913810014725,0.3,C_bis,1.7
6,0.0,Vp,0.040320463478565216,0.08961814641952515,0.261857807636261,0.5820173621177673,0.21455493569374084,0.4768798053264618,0.5,D,1.7
7,0.5,Vp,0.006297050975263119,0.21423828601837158,0.006575297564268112,0.22370478510856628,0.004504768177866936,0.1532612293958664,0.5,D_bis,1.7
8,0.0,Vp,0.007915087044239044,0.10764963179826736,0.039820630103349686,0.5415829420089722,0.031611714512109756,0.42993706464767456,1.0,full,1.7
