,anchor,area,beta,beta_rel,delta,delta_rel,low_delta,low_delta_rel,size,subnet,g_peak_NaP_Vp_PC_Vp_BC
0,0.0,Vp,0.040349081158638,0.21990835666656494,0.06674802303314209,0.3637864291667938,0.04698829725384712,0.2560930550098419,1.0,full,0.625
