,anchor,area,beta,beta_rel,delta,delta_rel,low_delta,low_delta_rel,size,subnet,g_peak_AMPA_Vp_PC_Vp_BC
0,0.0,Vp,0.19878800213336945,0.21538758277893066,0.14006048440933228,0.15175607800483704,0.04387694597244263,0.04754084348678589,0.1,A,1.825
1,0.5,Vp,0.050752315670251846,0.2131318897008896,0.037022221833467484,0.1554730236530304,0.017033211886882782,0.07153014838695526,0.1,A_bis,1.825
2,0.0,Vp,0.12740856409072876,0.21960215270519257,0.0579230971634388,0.09983658790588379,0.0149533711373806,0.02577371895313263,0.2,B,1.825
3,0.5,Vp,0.033551983535289764,0.23779119551181793,0.014941705390810966,0.10589555650949478,0.007583136670291424,0.05374355986714363,0.2,B_bis,1.825
4,0.0,Vp,0.09674385190010071,0.20809482038021088,0.04338419437408447,0.0933188647031784,0.011646009981632233,0.025050422176718712,0.3,C,1.825
5,0.5,Vp,0.022032110020518303,0.23849086463451385,0.0070755258202552795,0.0765904039144516,0.003458988619968295,0.03744249418377876,0.3,C_bis,1.825
6,0.0,Vp,0.030799316242337227,0.19610394537448883,0.014332752674818039,0.09125882387161255,0.0038610296323895454,0.024583764374256134,0.5,D,1.825
7,0.5,Vp,0.011273873969912529,0.22021085023880005,0.0028130123391747475,0.054946139454841614,0.0013773733517155051,0.026904022321105003,0.5,D_bis,1.825
8,0.0,Vp,0.0072611491195857525,0.1855211853981018,0.0028990155551582575,0.07406937330961227,0.0007748253410682082,0.019796662032604218,1.0,full,1.825
