,anchor,area,beta,beta_rel,delta,delta_rel,low_delta,low_delta_rel,size,subnet,g_peak_AMPA_Vp_PC_Vp_BC
0,0.0,Vp,0.43877172470092773,0.08435730636119843,3.395630121231079,0.6528365015983582,2.803506851196289,0.538996160030365,0.1,A,1.9
1,0.5,Vp,0.024820584803819656,0.19472451508045197,0.02136465162038803,0.1676117330789566,0.007361013907939196,0.05774923786520958,0.1,A_bis,1.9
2,0.0,Vp,0.23053109645843506,0.07152875512838364,2.344122886657715,0.7273300290107727,1.9839752912521362,0.615584135055542,0.2,B,1.9
3,0.5,Vp,0.01492547057569027,0.2152157425880432,0.01002039760351181,0.14448772370815277,0.0031581383664160967,0.04553833603858948,0.2,B_bis,1.9
4,0.0,Vp,0.1837174892425537,0.07035693526268005,1.9258849620819092,0.7375419735908508,1.6289634704589844,0.623832106590271,0.3,C,1.9
5,0.5,Vp,0.00794195756316185,0.2094089388847351,0.00586099736392498,0.15453939139842987,0.001665731193497777,0.043921034783124924,0.3,C_bis,1.9
6,0.0,Vp,0.05092274397611618,0.070907823741436,0.5106330513954163,0.711035430431366,0.4341390132904053,0.6045206785202026,0.5,D,1.9
7,0.5,Vp,0.003601763164624572,0.12053016573190689,0.012087604030966759,0.40450215339660645,0.009090295992791653,0.30419960618019104,0.5,D_bis,1.9
8,0.0,Vp,0.008562035858631134,0.07434530556201935,0.0798458382487297,0.6933121681213379,0.06636546552181244,0.5762602686882019,1.0,full,1.9
