,anchor,area,beta,beta_rel,delta,delta_rel,low_delta,low_delta_rel,size,subnet,g_peak_AMPA_Vp_PC_Vp_BC
0,0.0,Vp,0.10385149717330933,0.20672394335269928,0.08613188564777374,0.17145176231861115,0.03188303858041763,0.06346549838781357,0.1,A,1.35
1,0.5,Vp,0.05005693435668945,0.2009262889623642,0.04394225776195526,0.17638224363327026,0.01658577285706997,0.06657454371452332,0.1,A_bis,1.35
2,0.0,Vp,0.07098303735256195,0.27752014994621277,0.024027470499277115,0.09393944591283798,0.010458902455866337,0.04089083895087242,0.2,B,1.35
3,0.5,Vp,0.028608426451683044,0.2403407096862793,0.014895569533109665,0.12513837218284607,0.005853522568941116,0.04917571321129799,0.2,B_bis,1.35
4,0.0,Vp,0.051103562116622925,0.28930598497390747,0.013493083417415619,0.07638664543628693,0.005882742814719677,0.033303212374448776,0.3,C,1.35
5,0.5,Vp,0.01948898285627365,0.27931708097457886,0.007045242469757795,0.10097276419401169,0.0030098259449005127,0.04313697665929794,0.3,C_bis,1.35
6,0.0,Vp,0.015119528397917747,0.2730141878128052,0.004137682728469372,0.07471437752246857,0.001922345720231533,0.03471190854907036,0.5,D,1.35
7,0.5,Vp,0.010676581412553787,0.3094055950641632,0.002697877585887909,0.07818405330181122,0.0012688597198575735,0.03677134960889816,0.5,D_bis,1.35
8,0.0,Vp,0.004728963598608971,0.30775806307792664,0.001037128153257072,0.0674956664443016,0.0005085160373710096,0.03309391438961029,1.0,full,1.35
