,anchor,area,beta,beta_rel,delta,delta_rel,low_delta,low_delta_rel,size,subnet,g_peak_NaP_Vp_PC_Vp_BC
0,0.0,Vp,0.02582503855228424,0.13850750029087067,0.08261505514383316,0.4430895447731018,0.02767788991332054,0.14844489097595215,1.0,full,2.25
