,area,beta,beta_rel,delta,delta_rel,low_delta,low_delta_rel,g_KL_Vp_MC,g_KL_Vp_PC_Vp_BC,g_peak_AMPA_Vp_PC_Vp_BC
0,Vp,0.004892144352197647,0.25653377175331116,0.001818859251216054,0.09537716209888458,0.0006756141083315015,0.03542778640985489,1.2,1.3,1.5
