,anchor,area,beta,beta_rel,delta,delta_rel,low_delta,low_delta_rel,size,subnet,g_peak_AMPA_Vp_PC_Vp_BC
0,0.0,Vp,0.29618382453918457,0.15300427377223969,0.7624944448471069,0.39389359951019287,0.43828240036964417,0.22641034424304962,0.1,A,1.825
1,0.5,Vp,0.051567986607551575,0.22454218566417694,0.038095392286777496,0.1658785492181778,0.012666430324316025,0.055153362452983856,0.1,A_bis,1.825
2,0.0,Vp,0.1872459352016449,0.1751863658428192,0.3870002329349518,0.3620755076408386,0.22277401387691498,0.20842626690864563,0.2,B,1.825
3,0.5,Vp,0.033469900488853455,0.2661656439304352,0.0160821583122015,0.12789157032966614,0.006404967047274113,0.05093478783965111,0.2,B_bis,1.825
4,0.0,Vp,0.15943053364753723,0.16601671278476715,0.3811827301979065,0.39692962169647217,0.23543916642665863,0.24516530334949493,0.3,C,1.825
5,0.5,Vp,0.021731091663241386,0.30261361598968506,0.007132485508918762,0.09932254254817963,0.003065146040171385,0.04268331080675125,0.3,C_bis,1.825
6,0.0,Vp,0.05087703466415405,0.14082184433937073,0.15136346220970154,0.41895684599876404,0.10193423926830292,0.28214237093925476,0.5,D,1.825
7,0.5,Vp,0.010113842785358429,0.2886996269226074,0.004472713451832533,0.12767359614372253,0.0023437656927853823,0.06690278649330139,0.5,D_bis,1.825
8,0.0,Vp,0.011207835748791695,0.19802497327327728,0.01779121719300747,0.31434303522109985,0.010470541194081306,0.18499812483787537,1.0,full,1.825
