,area,beta,beta_rel,delta,delta_rel,low_delta,low_delta_rel,g_KL_Vp_MC,g_KL_Vp_PC_Vp_BC,g_peak_AMPA_Vp_PC_Vp_BC
0,Vp,0.108451709151268,0.14838580787181854,0.3008694052696228,0.41165557503700256,0.10529870539903641,0.1440718024969101,1.2,1.05,2.0
