,anchor,area,beta,beta_rel,delta,delta_rel,low_delta,low_delta_rel,size,subnet,g_peak_AMPA_Vp_PC_Vp_BC
0,0.0,Vp,0.4363417327404022,0.09651800245046616,2.7809956073760986,0.6151512265205383,2.0249996185302734,0.44792625308036804,0.1,A,1.95
1,0.5,Vp,0.03846626728773117,0.21423940360546112,0.034282781183719635,0.1909393072128296,0.010657399892807007,0.05935681238770485,0.1,A_bis,1.95
2,0.0,Vp,0.2564782500267029,0.10010243207216263,1.6159555912017822,0.630700945854187,1.1289148330688477,0.4406109154224396,0.2,B,1.95
3,0.5,Vp,0.023201460018754005,0.247243732213974,0.012800363823771477,0.13640563189983368,0.004591870587319136,0.0489327497780323,0.2,B_bis,1.95
4,0.0,Vp,0.22230464220046997,0.0957726314663887,1.4833630323410034,0.6390581130981445,1.0151885747909546,0.437360554933548,0.3,C,1.95
5,0.5,Vp,0.013058073818683624,0.24222342669963837,0.006728704087436199,0.12481547892093658,0.002606424503028393,0.048348404467105865,0.3,C_bis,1.95
6,0.0,Vp,0.07110711932182312,0.08725608140230179,0.5094974637031555,0.6252081990242004,0.37343674898147583,0.4582470655441284,0.5,D,1.95
7,0.5,Vp,0.005338356830179691,0.15961351990699768,0.009304085746407509,0.2781863212585449,0.006458255462348461,0.193097785115242,0.5,D_bis,1.95
8,0.0,Vp,0.013200766406953335,0.10891862958669662,0.06596195697784424,0.5442476272583008,0.043184079229831696,0.3563089072704315,1.0,full,1.95
