,anchor,area,beta,beta_rel,delta,delta_rel,low_delta,low_delta_rel,size,subnet,g_peak_AMPA_Vp_PC_Vp_BC
0,0.0,Vp,0.09827597439289093,0.2149459272623062,0.06965009868144989,0.15233637392520905,0.025811202824115753,0.0564533993601799,0.1,A,1.35
1,0.5,Vp,0.04485895112156868,0.20071330666542053,0.03453647345304489,0.1545272320508957,0.014809492975473404,0.06626240909099579,0.1,A_bis,1.35
2,0.0,Vp,0.07199567556381226,0.24758084118366241,0.027617409825325012,0.09497155994176865,0.013792595826089382,0.047430381178855896,0.2,B,1.35
3,0.5,Vp,0.028751295059919357,0.2238718867301941,0.012203014455735683,0.09501874446868896,0.005706211552023888,0.044431403279304504,0.2,B_bis,1.35
4,0.0,Vp,0.05309411883354187,0.23374336957931519,0.019892726093530655,0.08757641911506653,0.008746358565986156,0.03850526735186577,0.3,C,1.35
5,0.5,Vp,0.019466638565063477,0.22652727365493774,0.006089819595217705,0.07086535543203354,0.00281524402089417,0.032760124653577805,0.3,C_bis,1.35
6,0.0,Vp,0.01869276538491249,0.22887620329856873,0.006316656246781349,0.07734180986881256,0.002841801382601261,0.03479531779885292,0.5,D,1.35
7,0.5,Vp,0.010897037573158741,0.21991488337516785,0.0028616306371986866,0.05775103345513344,0.0012860798742622137,0.025954587385058403,0.5,D_bis,1.35
8,0.0,Vp,0.0050781406462192535,0.18858490884304047,0.0015944154001772404,0.05921117588877678,0.0007258974947035313,0.026957368478178978,1.0,full,1.35
