,anchor,area,beta,beta_rel,delta,delta_rel,low_delta,low_delta_rel,size,subnet,g_peak_NaP_Vp_PC_Vp_BC
0,0.0,Vp,0.04863051325082779,0.10516080260276794,0.30264902114868164,0.6544618010520935,0.24115070700645447,0.5214751362800598,1.0,full,1.125
