,anchor,area,beta,beta_rel,delta,delta_rel,low_delta,low_delta_rel,size,subnet,g_peak_AMPA_Vp_PC_Vp_BC
0,0.0,Vp,0.18748992681503296,0.2556830048561096,0.13858363032341003,0.18898870050907135,0.06548579037189484,0.08930401504039764,0.1,A,1.5
1,0.5,Vp,0.05394309014081955,0.21407797932624817,0.043150126934051514,0.17124514281749725,0.014314590021967888,0.05680873245000839,0.1,A_bis,1.5
2,0.0,Vp,0.10827407240867615,0.2919601798057556,0.04004308581352234,0.10797587037086487,0.01816251128911972,0.04897506907582283,0.2,B,1.5
3,0.5,Vp,0.038732029497623444,0.2678450345993042,0.015331094153225422,0.10601968318223953,0.006042805965989828,0.04178803786635399,0.2,B_bis,1.5
4,0.0,Vp,0.07755442708730698,0.2771255671977997,0.03074083849787712,0.10984636843204498,0.014562374912202358,0.052035797387361526,0.3,C,1.5
5,0.5,Vp,0.026202961802482605,0.292705237865448,0.006462402176111937,0.07218950986862183,0.0025481157936155796,0.028464218601584435,0.3,C_bis,1.5
6,0.0,Vp,0.022488940507173538,0.24346326291561127,0.009751420468091965,0.10556800663471222,0.0045565105974674225,0.04932837933301926,0.5,D,1.5
7,0.5,Vp,0.012896429747343063,0.29090410470962524,0.0021035466343164444,0.04744959622621536,0.0010134810581803322,0.022861041128635406,0.5,D_bis,1.5
8,0.0,Vp,0.006069687660783529,0.24125728011131287,0.0018471237272024155,0.07341927289962769,0.0007519972277805209,0.029890304431319237,1.0,full,1.5
