,anchor,area,beta,beta_rel,delta,delta_rel,low_delta,low_delta_rel,size,subnet,g_peak_AMPA_Vp_PC_Vp_BC
0,0.0,Vp,0.19050359725952148,0.23525972664356232,0.16927023231983185,0.2090378701686859,0.07803186029195786,0.0963643416762352,0.1,A,1.6
1,0.5,Vp,0.05116415023803711,0.2077164500951767,0.03857731446623802,0.15661635994911194,0.014926323667168617,0.06059795618057251,0.1,A_bis,1.6
2,0.0,Vp,0.10845767706632614,0.25520429015159607,0.05544465780258179,0.13046300411224365,0.022321995347738266,0.052524350583553314,0.2,B,1.6
3,0.5,Vp,0.03345653414726257,0.24594564735889435,0.013857142068445683,0.10186661779880524,0.005383455194532871,0.03957485407590866,0.2,B_bis,1.6
4,0.0,Vp,0.0793846994638443,0.2323756068944931,0.04864588379859924,0.14239665865898132,0.02237735688686371,0.06550320237874985,0.3,C,1.6
5,0.5,Vp,0.023075560107827187,0.2694706320762634,0.0058637042529881,0.06847487390041351,0.0022932658903300762,0.026780186221003532,0.3,C_bis,1.6
6,0.0,Vp,0.02552114799618721,0.2209133803844452,0.015452106483280659,0.13375483453273773,0.00692115630954504,0.059910159558057785,0.5,D,1.6
7,0.5,Vp,0.011714702472090721,0.2734864056110382,0.002492282073944807,0.05818374454975128,0.000982676981948316,0.02294115349650383,0.5,D_bis,1.6
8,0.0,Vp,0.006548265460878611,0.23354914784431458,0.002637065015733242,0.09405304491519928,0.0010192226618528366,0.03635139390826225,1.0,full,1.6
